{"cameraMode":{"drawMode":0,"name":"Shaded","section":"Shading Mode"},"sceneLighting":false,"audioPlay":false,"sceneViewState":{"showFog":false,"showMaterialUpdate":false,"showSkybox":false,"showFlares":false,"showImageEffects":false,"showParticleSystems":true},"in2DMode":false,"pivot":{"x":1179.127197265625,"y":461.5213317871094,"z":8.31298828125},"rotation":{"x":0.008999839425086975,"y":-0.002999858232215047,"z":0.000027005959054804407,"w":0.9999550580978394},"size":1287.31201171875,"orthographic":false}