{"cameraMode":{"drawMode":0,"name":"Shaded","section":"Shading Mode"},"sceneLighting":false,"audioPlay":false,"sceneViewState":{"showFog":false,"showMaterialUpdate":false,"showSkybox":false,"showFlares":false,"showImageEffects":false,"showParticleSystems":true},"in2DMode":false,"pivot":{"x":497.8429260253906,"y":624.663330078125,"z":57.49365234375},"rotation":{"x":0.05247538909316063,"y":-0.004493825137615204,"z":0.00023614907695446163,"w":0.998612105846405},"size":1593.494140625,"orthographic":false}