{"cameraMode":{"drawMode":0,"name":"Shaded","section":"Shading Mode"},"sceneLighting":false,"audioPlay":false,"sceneViewState":{"showFog":false,"showMaterialUpdate":false,"showSkybox":false,"showFlares":false,"showImageEffects":false,"showParticleSystems":true},"in2DMode":false,"pivot":{"x":1169.367431640625,"y":388.8450012207031,"z":0.0},"rotation":{"x":0.0014999997802078724,"y":-0.0014999664854258299,"z":0.0000022562617232324557,"w":0.9999977946281433},"size":4251.76904296875,"orthographic":false}