{"cameraMode":{"drawMode":0,"name":"Shaded","section":"Shading Mode"},"sceneLighting":false,"audioPlay":false,"sceneViewState":{"showFog":false,"showMaterialUpdate":false,"showSkybox":false,"showFlares":false,"showImageEffects":false,"showParticleSystems":true},"in2DMode":false,"pivot":{"x":80.04383087158203,"y":236.77023315429688,"z":12.851806640625},"rotation":{"x":0.05247538909316063,"y":-0.004493825137615204,"z":0.00023614907695446163,"w":0.998612105846405},"size":433.14794921875,"orthographic":false}